Unique_ID,f0_TE_GHz,C0_TE_fF,L0_TE_nH,R0_TE_ohm,alpha_TE_eff,f0_TM_GHz,C0_TM_fF,L0_TM_nH,R0_TM_ohm,alpha_TM_eff
ID1040_12_R5.0_W0.01.csv,17.225,8.051,10.6041,10.0213,-64.45,17.2612,8.0345,10.5813,10.0421,-11.33
ID1041_12_R5.0_W0.0367.csv,18.1076,8.5467,9.039,5.6328,-48.58,18.1114,8.5447,9.0373,5.6814,-10.14
ID1042_12_R5.0_W0.0633.csv,18.8269,9.1505,7.8098,4.1927,-27.33,18.8269,9.1575,7.8038,4.1551,-7.16
ID1043_12_R5.0_W0.09.csv,19.3785,9.6224,7.0099,3.4895,-22.66,19.4148,9.6266,6.9807,3.4943,-6.0
ID1044_12_R5.0_W0.1167.csv,19.7883,9.9887,6.4761,2.9493,-22.82,19.8484,9.9703,6.4489,3.0249,-5.31
ID1050_12_R6.0_W0.01.csv,14.5437,9.9831,11.9956,11.0392,-51.65,14.5885,9.9369,11.9776,11.0305,-11.98
ID1051_12_R6.0_W0.0422.csv,15.1714,10.1708,10.8201,5.5789,-32.39,15.1904,10.1728,10.7909,5.5255,-11.74
ID1053_12_R6.0_W0.1067.csv,16.2594,11.4448,8.3719,3.479,-29.78,16.2811,11.4286,8.3614,3.4412,-6.46
ID1054_12_R6.0_W0.1389.csv,16.632,11.83,7.7405,2.923,-28.51,16.6406,11.8404,7.7257,2.9724,-5.54
ID1055_12_R6.0_W0.1711.csv,16.9303,12.0314,7.3451,2.5101,-25.77,16.8926,12.0804,7.348,2.5086,-5.22
ID1056_12_R6.0_W0.2033.csv,17.1876,12.4586,6.8824,2.2471,-20.36,17.2178,12.422,6.8785,2.2601,-4.6
ID1057_12_R6.0_W0.2356.csv,17.4795,12.7817,6.4863,2.0183,-20.08,17.4993,12.7909,6.4669,2.0275,-4.23
ID1058_12_R6.0_W0.2678.csv,17.8765,13.1756,6.016,1.9305,-11.79,17.9147,13.1475,6.0032,1.9785,-3.56
ID1059_12_R6.0_W0.3.csv,18.077,13.3837,5.7918,1.6147,-13.61,18.1125,13.3773,5.7719,1.6683,-3.44
ID1060_12_R7.0_W0.01.csv,12.3706,11.5719,14.3039,11.6949,234.79,12.3756,11.5732,14.2907,11.6088,-9.99
ID1062_12_R7.0_W0.0856.csv,13.4746,12.824,10.8788,4.3473,-68.69,13.56,12.6962,10.8505,4.3896,-6.83
ID1064_12_R7.0_W0.1611.csv,14.1678,13.8441,9.1153,2.933,-33.85,14.1969,13.8132,9.0982,2.9106,-5.29
ID1065_12_R7.0_W0.1989.csv,14.4265,14.3494,8.4817,2.4608,-25.28,14.4499,14.3821,8.435,2.4747,-4.94
ID1066_12_R7.0_W0.2367.csv,14.7079,14.7909,7.9167,2.2404,-18.66,14.6913,14.9154,7.8684,2.339,-4.49
ID1067_12_R7.0_W0.2744.csv,14.9953,15.1233,7.4488,2.1281,-15.21,14.9199,15.2654,7.4542,1.9921,-4.2
ID1068_12_R7.0_W0.3122.csv,15.1772,15.6667,7.0191,1.9383,-13.43,15.1575,15.7912,6.9818,1.8515,-3.92
ID1069_12_R7.0_W0.35.csv,15.4018,16.0821,6.6398,1.6965,-12.93,15.4016,16.0898,6.6368,1.6673,-3.52
ID1070_12_R8.0_W0.01.csv,10.8369,13.1195,16.4403,12.3638,-22.06,10.8846,13.0717,16.3562,12.2638,-7.24
ID1071_12_R8.0_W0.0533.csv,11.4531,13.9413,13.8514,5.8698,-349.66,11.5455,13.7912,13.7788,5.9252,-7.84
ID1072_12_R8.0_W0.0967.csv,11.8942,14.5716,12.2874,4.12,-100.27,11.9251,14.5698,12.2253,4.1568,-6.88
ID1073_12_R8.0_W0.14.csv,12.1879,15.1878,11.2275,3.4731,-59.6,12.2319,15.1516,11.1735,3.4854,-6.15
ID1074_12_R8.0_W0.1833.csv,12.4526,15.7295,10.385,2.7718,-50.32,12.5078,15.6579,10.3405,2.8098,-5.41
ID1075_12_R8.0_W0.2267.csv,12.7405,16.2762,9.5876,2.5414,-34.68,12.716,16.3716,9.5687,2.4758,-4.9
ID1076_12_R8.0_W0.27.csv,12.9568,16.7877,8.9878,2.2157,-26.22,12.9063,17.0113,8.9393,2.1551,-4.67
ID1077_12_R8.0_W0.3133.csv,13.1633,17.394,8.4045,2.1335,-24.54,13.1368,17.483,8.3955,2.1275,-4.15
ID1078_12_R8.0_W0.3567.csv,13.3743,17.8582,7.9297,1.8439,-21.29,13.3489,18.0533,7.8739,1.8176,-3.79
ID1079_12_R8.0_W0.4.csv,13.5694,18.3477,7.4979,1.6635,-16.86,13.5447,18.4814,7.4708,1.6053,-3.48
ID1080_12_R9.0_W0.01.csv,9.5649,14.8125,18.6919,13.0992,-61.2,9.6187,14.7323,18.584,13.0979,-13.26
ID1081_12_R9.0_W0.0589.csv,10.1467,15.6541,15.7168,5.8598,-55.99,10.2185,15.5305,15.6199,5.8666,-8.56
ID1082_12_R9.0_W0.1078.csv,10.5307,16.3223,13.9941,4.0779,-32.21,10.5532,16.2523,13.9944,4.094,-8.13
ID1084_12_R9.0_W0.2056.csv,11.0089,17.8681,11.697,2.9414,-31.2,11.0578,17.7453,11.6741,2.9563,-5.63
ID1085_12_R9.0_W0.2544.csv,11.3053,18.3327,10.8106,2.4808,-18.02,11.2492,18.5137,10.812,2.4646,-5.47
ID1086_12_R9.0_W0.3033.csv,11.476,18.9874,10.1296,2.2782,-21.84,11.4309,19.2333,10.0792,2.2015,-4.9
ID1087_12_R9.0_W0.3522.csv,11.6252,19.9267,9.406,2.1142,-20.83,11.631,19.967,9.3775,2.1717,-4.35
ID1088_12_R9.0_W0.4011.csv,11.8218,20.3731,8.8964,1.8531,-20.66,11.7776,20.3898,8.9559,1.7545,-4.23
ID1089_12_R9.0_W0.45.csv,11.9942,20.953,8.4033,1.7227,-18.86,11.9666,21.0552,8.4011,1.6929,-3.78
ID1092_12_R10.0_W0.1189.csv,9.522,18.3388,15.234,4.0258,-20.15,9.5773,18.1621,15.2051,4.0809,-7.84
ID1093_12_R10.0_W0.1733.csv,9.8319,18.8148,13.9271,3.2887,-23.98,9.7997,18.9431,13.9241,3.2845,-6.33
ID1094_12_R10.0_W0.2278.csv,10.0283,19.6707,12.8047,2.9423,-19.32,10.022,19.7527,12.7674,2.9313,-5.87
ID1095_12_R10.0_W0.2822.csv,10.2077,20.362,11.939,2.4668,-20.25,10.2305,20.326,11.9067,2.4878,-4.93
ID1096_12_R10.0_W0.3367.csv,10.4034,20.9903,11.15,2.4471,-19.73,10.4258,20.9768,11.1092,2.5082,-4.11
ID1097_12_R10.0_W0.3911.csv,10.6012,21.5648,10.4517,2.2835,-16.31,10.609,21.6285,10.4055,2.3251,-3.84
ID1098_12_R10.0_W0.4456.csv,10.8331,22.1345,9.7513,2.356,-11.21,10.7436,22.5306,9.7402,2.2023,-3.51
ID1099_12_R10.0_W0.5.csv,10.9509,22.7195,9.2969,1.9585,-11.92,10.9654,22.8459,9.2211,2.0467,-3.23
ID1130_13_R4.0_W0.01.csv,14.599,7.7922,15.2524,22.786,-17.38,14.6154,7.7789,15.2441,22.8157,-15.39
ID1134_13_R4.0_W0.0322.csv,15.9394,7.9119,12.6013,14.0232,329.05,15.9131,7.9287,12.6163,13.9506,-25.49
ID1135_13_R4.0_W0.0378.csv,16.3206,7.9895,11.9029,12.9447,206.06,16.3137,7.9925,11.9083,12.9641,-21.11
ID1136_13_R4.0_W0.0433.csv,16.7588,8.0654,11.1823,12.1153,467.79,16.7327,8.0734,11.206,12.0815,-20.18
ID1137_13_R4.0_W0.0489.csv,18.0513,8.3102,9.3544,12.0279,-7.05,17.987,8.3286,9.4005,12.0207,-5.13
ID1149_13_R5.0_W0.075.csv,14.2746,10.4495,11.8964,10.1836,-472.26,14.2657,10.4172,11.9482,10.1446,-21.29
ID130_2_R4_W0.01.csv,17.9194,17.4295,4.5259,4.6631,56.45,17.9294,17.4154,4.5245,4.6891,10.63
ID131_2_R4_W0.0311.csv,18.1457,20.2271,3.8033,2.7403,49.61,18.1491,20.2263,3.802,2.7389,9.04
ID132_2_R4_W0.0522.csv,18.2053,23.0146,3.3208,2.0543,54.3,18.2088,23.0033,3.3212,2.059,8.29
ID133_2_R4_W0.0733.csv,18.1132,26.2141,2.9452,1.6113,67.88,18.1295,26.1856,2.9431,1.6257,7.54
ID134_2_R4_W0.0944.csv,17.8283,30.3599,2.6249,1.3414,81.06,17.8129,30.3924,2.6267,1.3216,6.74
ID135_2_R4_W0.1156.csv,17.2164,36.7158,2.3276,1.1231,100.02,17.2293,36.6467,2.3285,1.121,6.21
ID140_2_R5_W0.01.csv,14.3654,20.4164,6.0121,5.2447,111.16,14.3574,20.4205,6.0176,5.2303,9.77
ID141_2_R5_W0.0367.csv,14.6173,23.8473,4.9713,2.8137,88.33,14.615,23.8556,4.9711,2.8067,8.9
ID142_2_R5_W0.0633.csv,14.6946,27.6495,4.2426,2.0149,76.35,14.6977,27.6522,4.2404,2.014,7.9
ID143_2_R5_W0.09.csv,14.6154,31.5125,3.763,1.5862,63.95,14.6157,31.5002,3.7643,1.5895,7.43
ID1440_16_R5.0_W0.01.csv,15.341,8.9183,12.0684,12.6344,-32.36,15.307,8.9395,12.0934,12.6459,-16.38
ID1441_16_R5.0_W0.02.csv,15.7086,9.0677,11.3205,9.6322,-65.08,15.7293,9.0613,11.2988,9.5704,-15.06
ID1443_16_R5.0_W0.04.csv,16.4324,9.4285,9.9495,6.854,-65.28,16.4271,9.4368,9.947,6.8639,-11.55
ID1445_16_R5.0_W0.06.csv,17.013,9.7298,8.9945,5.428,-56.68,17.0105,9.7348,8.9925,5.4441,-9.63
ID1446_16_R5.0_W0.07.csv,17.2746,9.8748,8.596,4.9277,-50.61,17.2833,9.8764,8.5859,4.9461,-9.19
ID144_2_R5_W0.1167.csv,14.4241,36.4008,3.3446,1.3329,106.47,14.4267,36.3558,3.3476,1.3298,6.71
ID145_2_R5_W0.1433.csv,13.9526,43.8558,2.9669,1.0931,126.04,13.9476,43.8379,2.9702,1.0908,5.98
ID146_2_R5_W0.17.csv,12.8818,59.2249,2.5774,0.8704,139.04,12.9051,58.9017,2.5822,0.8713,5.32
ID147_2_R5_W0.1967.csv,4.8977,552.3565,1.9117,0.375,33.3,4.8928,553.8915,1.9103,0.3738,3.67
ID150_2_R6_W0.01.csv,12.1459,24.8727,6.9034,5.7475,-27.12,12.05,25.1666,6.9317,5.664,10.01
ID151_2_R6_W0.0422.csv,12.2811,28.5648,5.8794,2.8413,-253.58,12.3197,28.3395,5.889,2.8564,9.1
ID152_2_R6_W0.0744.csv,12.3672,32.1189,5.1563,2.0254,498.21,12.3619,32.0946,5.1646,2.0166,7.49
ID154_2_R6_W0.1389.csv,12.0063,43.6996,4.0211,1.27,166.66,12.0193,43.5087,4.03,1.2744,6.39
ID156_2_R6_W0.2033.csv,10.6991,71.1747,3.109,0.859,-483.26,10.6776,71.6124,3.1025,0.8646,5.31
ID157_2_R6_W0.2356.csv,4.8991,451.2942,2.3386,0.4211,-37.99,4.8949,452.5033,2.3364,0.42,4.86
ID160_2_R7_W0.01.csv,10.3801,28.2126,8.3328,6.0488,-39.22,10.4096,28.0715,8.3274,6.1019,10.81
ID161_2_R7_W0.0478.csv,10.5858,32.3002,6.9982,2.8318,-76.95,10.5976,32.145,7.0163,2.8363,7.46
ID162_2_R7_W0.0856.csv,10.6398,36.656,6.1042,2.0206,-352.72,10.6747,36.5079,6.089,2.0358,7.07
ID163_2_R7_W0.1233.csv,10.5486,42.4245,5.3658,1.5613,48.86,10.5857,41.9831,5.3843,1.5558,5.98
ID164_2_R7_W0.1611.csv,10.3125,50.2599,4.739,1.2496,35.05,10.3524,49.675,4.758,1.2483,4.94
ID165_2_R7_W0.1989.csv,9.8863,61.9115,4.1861,1.0076,-74.63,9.8801,62.1097,4.1779,1.0112,3.89
ID167_2_R7_W0.2744.csv,4.7039,412.7453,2.7736,0.442,-18.61,4.7028,412.8359,2.7742,0.4393,3.08
ID170_2_R8_W0.01.csv,9.0766,31.9004,9.6382,6.2521,-70.32,9.111,31.6003,9.6564,6.3002,10.82
ID171_2_R8_W0.0533.csv,9.3246,35.8881,8.1176,2.8305,-359.24,9.3419,35.8287,8.1011,2.8495,8.74
ID172_2_R8_W0.0967.csv,9.3996,40.7353,7.038,2.0167,133.65,9.3797,40.9022,7.0391,2.0105,7.24
ID173_2_R8_W0.14.csv,9.3579,46.5931,6.2081,1.5884,43.17,9.3329,46.7183,6.2247,1.551,6.45
ID174_2_R8_W0.1833.csv,9.1416,55.0801,5.5031,1.2326,20.03,9.1889,54.5927,5.4951,1.2702,5.77
ID175_2_R8_W0.2267.csv,8.8299,67.0133,4.848,1.0405,21.59,8.8534,66.5312,4.8573,1.0465,4.89
ID176_2_R8_W0.27.csv,8.1199,91.837,4.1833,0.8312,35.9,8.1666,90.4456,4.1993,0.8354,5.2
ID177_2_R8_W0.3133.csv,4.7046,348.9599,3.2796,0.4451,-6.95,4.7365,343.0801,3.291,0.4451,5.98
ID180_2_R9_W0.01.csv,8.076,34.7875,11.1641,6.5403,140.81,8.0672,34.8006,11.1842,6.5361,9.34
ID182_2_R9_W0.1078.csv,8.4323,43.567,8.1769,1.9986,140.59,8.414,43.8243,8.1643,1.9802,8.44
ID183_2_R9_W0.1567.csv,8.4176,48.9286,7.3064,1.5031,-99.41,8.4196,48.9316,7.3024,1.4966,7.63
ID190_2_R10_W0.01.csv,7.2637,34.9827,13.7237,7.0311,188.41,7.2969,34.5483,13.77,7.0314,9.6
ID191_2_R10_W0.0644.csv,7.5377,41.8608,10.6502,2.9165,-435.89,7.5172,42.0782,10.6529,2.9105,8.81
ID192_2_R10_W0.1189.csv,7.6063,47.9043,9.1394,1.9647,124.1,7.6007,48.0297,9.129,1.9635,8.9
ID193_2_R10_W0.1733.csv,7.5947,54.8131,8.0119,1.5451,47.4,7.6018,54.5667,8.0331,1.5326,7.91
ID194_2_R10_W0.2278.csv,7.5186,61.5927,7.2751,1.1831,75.72,7.5128,61.798,7.262,1.1818,8.92
ID195_2_R10_W0.2822.csv,7.3418,72.1567,6.5127,0.9168,210.38,7.3357,72.2879,6.5116,0.9183,8.82
ID196_2_R10_W0.3367.csv,6.8086,98.9751,5.5208,0.7734,35.72,6.843,97.4159,5.5529,0.7821,7.3
ID197_2_R10_W0.3911.csv,3.8407,425.0473,4.04,0.4884,147.59,3.8153,430.1728,4.0452,0.4918,4.12
ID20_1_R3_W0.01.csv,17.4674,43.7162,1.8991,1.6685,6.86,17.4747,43.6671,1.8996,1.6718,4.69
ID221_3_R3_W0.0189.csv,18.7329,30.3069,2.3817,2.7147,-164.2,18.7305,30.3163,2.3816,2.719,29.78
ID222_3_R3_W0.0278.csv,18.9343,32.2277,2.1924,2.2526,-226.72,18.9264,32.263,2.1918,2.2562,25.46
ID224_3_R3_W0.0456.csv,19.0642,36.4535,1.9119,1.7114,463.92,19.0652,36.4631,1.9112,1.6985,20.1
ID225_3_R3_W0.0544.csv,18.9444,39.4227,1.7903,1.5427,127.97,18.9517,39.3873,1.7906,1.5462,16.7
ID226_3_R3_W0.0633.csv,18.5562,43.3002,1.6989,1.3656,148.29,18.571,43.3106,1.6958,1.3639,16.36
ID230_3_R4_W0.01.csv,13.8339,35.3585,3.7433,3.8666,-314.99,13.8353,35.3643,3.7419,3.8758,21.26
ID233_3_R4_W0.0467.csv,14.3821,43.0764,2.8429,1.9242,217.26,14.4021,42.9778,2.8415,1.9291,18.96
ID235_3_R4_W0.0711.csv,14.4426,48.3364,2.5123,1.5262,-116.01,14.4478,48.3002,2.5124,1.5263,20.06
ID236_3_R4_W0.0833.csv,14.2094,53.5263,2.3438,1.3526,-86.62,14.2131,53.4888,2.3442,1.3432,19.92
ID240_3_R5_W0.01.csv,10.9911,40.8185,5.1369,4.3048,28.6,10.9938,40.7938,5.1375,4.3152,33.41
ID241_3_R5_W0.0256.csv,11.3104,45.2965,4.3714,2.9054,70.42,11.3016,45.2858,4.3792,2.9093,38.02
ID242_3_R5_W0.0411.csv,11.4828,48.1028,3.9937,2.279,71.37,11.4553,48.2781,3.9983,2.2743,25.46
ID243_3_R5_W0.0567.csv,11.5951,51.3939,3.6659,1.9215,126.19,11.5944,51.2458,3.6769,1.9049,26.58
ID244_3_R5_W0.0722.csv,11.6374,54.5316,3.4299,1.6471,110.71,11.6381,54.5952,3.4255,1.6404,21.64
ID245_3_R5_W0.0878.csv,11.6025,59.1575,3.1808,1.4534,73.91,11.6,59.2061,3.1795,1.4489,21.99
ID246_3_R5_W0.1033.csv,11.3957,65.8715,2.9612,1.3002,57.17,11.4101,65.677,2.9624,1.3113,18.74
ID247_3_R5_W0.1189.csv,7.3462,172.6376,2.7188,0.9527,6.97,7.3867,170.6389,2.7206,0.9523,4.9
ID250_3_R6_W0.01.csv,9.201,50.0186,5.9819,4.5909,-39.61,9.1134,50.7686,6.0074,4.5689,21.07
ID252_3_R6_W0.0478.csv,9.604,56.5378,4.8574,2.2345,66.07,9.6158,56.4207,4.8554,2.2485,26.41
ID253_3_R6_W0.0667.csv,9.6969,60.2901,4.4682,1.8753,44.19,9.7023,60.3394,4.4596,1.8824,25.32
ID254_3_R6_W0.0856.csv,9.7488,64.471,4.134,1.6416,46.4,9.7438,64.5221,4.135,1.6217,28.98
ID255_3_R6_W0.1044.csv,9.6965,70.0012,3.8486,1.4294,38.33,9.6911,69.9736,3.8545,1.4303,14.72
ID256_3_R6_W0.1233.csv,9.5058,78.3557,3.5776,1.2715,23.61,9.4963,78.3494,3.5851,1.2628,17.73
ID257_3_R6_W0.1422.csv,7.507,136.9442,3.2822,1.0289,-48.15,7.5063,136.9933,3.2816,1.0251,6.13
ID260_3_R7_W0.01.csv,7.8268,57.57,7.1825,4.8985,-29.95,7.8473,57.3092,7.1775,4.9075,12.4
ID261_3_R7_W0.0322.csv,8.1029,61.4989,6.2732,2.9712,-33.49,8.0887,61.69,6.2758,2.9689,13.43
ID262_3_R7_W0.0544.csv,8.244,65.3549,5.7027,2.2446,-51.61,8.2327,65.2481,5.7279,2.256,13.34
ID263_3_R7_W0.0767.csv,8.335,69.0081,5.2836,1.8741,-126.03,8.34,69.0814,5.2716,1.8852,14.66
ID264_3_R7_W0.0989.csv,8.3686,74.1719,4.8764,1.5986,-46.73,8.3599,74.2971,4.8782,1.5948,11.9
ID265_3_R7_W0.1211.csv,8.3315,80.4352,4.5368,1.3975,-41.56,8.3447,80.2789,4.5313,1.41,10.9
ID266_3_R7_W0.1433.csv,8.1705,89.875,4.2219,1.2349,-74.6,8.1869,89.412,4.2268,1.2411,9.37
ID270_3_R8_W0.01.csv,6.8883,64.4166,8.2875,5.1788,-32.15,6.8853,64.4263,8.2934,5.1713,34.44
ID271_3_R8_W0.0356.csv,7.1234,69.327,7.2004,3.0211,87.73,7.1176,69.2394,7.2213,3.0312,37.4
ID272_3_R8_W0.0611.csv,7.2631,73.1744,6.5621,2.2635,82.48,7.2388,73.5538,6.5721,2.2608,16.93
ID273_3_R8_W0.0867.csv,7.3474,77.608,6.046,1.8895,58.67,7.3214,78.3615,6.0304,1.9063,14.58
ID274_3_R8_W0.1122.csv,7.3603,83.7574,5.5825,1.6239,31.36,7.3685,83.6142,5.5797,1.6624,14.09
ID275_3_R8_W0.1378.csv,7.3461,90.6665,5.1771,1.403,32.1,7.3492,90.4569,5.1846,1.395,11.4
ID276_3_R8_W0.1633.csv,7.2012,101.5642,4.8094,1.2637,19.11,7.1808,102.1072,4.811,1.2621,8.24
ID277_3_R8_W0.1889.csv,6.2523,139.4972,4.6451,0.9484,-4.37,6.2398,139.9198,4.6496,0.9425,-14.98
ID280_3_R9_W0.01.csv,6.1346,71.2155,9.4513,5.4195,-42.03,6.1254,71.5664,9.4333,5.3837,71.22
ID281_3_R9_W0.0389.csv,6.3586,77.7649,8.0563,3.0211,-11.52,6.3842,77.1371,8.0568,3.0409,14.91
ID282_3_R9_W0.0678.csv,6.4617,74.9554,8.0937,2.1832,-9.74,6.4612,74.9921,8.0908,2.1971,9.26
ID283_3_R9_W0.0967.csv,6.5489,79.8266,7.3986,1.7306,-9.37,6.5479,79.8802,7.3961,1.7252,9.52
ID284_3_R9_W0.1256.csv,6.607,89.6198,6.4748,1.5649,-7.93,6.607,89.7861,6.4629,1.5729,10.12
ID285_3_R9_W0.1544.csv,6.6133,96.459,6.0042,1.3766,-6.74,6.6069,96.4149,6.0187,1.3661,11.14
ID286_3_R9_W0.1833.csv,6.5349,104.3826,5.6824,1.192,-7.59,6.5295,104.5716,5.6816,1.1801,10.24
ID287_3_R9_W0.2122.csv,5.4665,170.6906,4.966,1.0734,-49.28,5.5418,165.9467,4.9701,1.0866,4.9
ID290_3_R10_W0.01.csv,5.478,79.2463,10.6516,5.7102,-24.58,5.468,79.8502,10.61,5.6927,9.83
ID291_3_R10_W0.0422.csv,5.717,84.616,9.1591,3.0826,-57.71,5.7497,83.9767,9.124,3.0713,15.05
ID292_3_R10_W0.0744.csv,5.8523,89.5331,8.2603,2.2866,-51.38,5.8418,89.9387,8.2527,2.2776,14.28
ID293_3_R10_W0.1067.csv,5.9368,96.4222,7.4535,1.9134,-165.74,5.9163,97.1499,7.449,1.8878,16.61
ID294_3_R10_W0.1389.csv,5.9497,102.279,6.9962,1.5884,89.13,5.9333,102.6739,7.008,1.5993,15.21
ID295_3_R10_W0.1711.csv,5.9001,113.0922,6.434,1.4226,34.53,5.8979,112.7575,6.458,1.409,12.18
ID296_3_R10_W0.2033.csv,5.815,124.3629,6.0236,1.2545,-82.8,5.7933,125.9021,5.9945,1.2621,9.54
ID297_3_R10_W0.2356.csv,4.9268,188.7574,5.5285,1.0531,6.33,4.901,191.7251,5.5004,1.0506,3.78
ID30_1_R4_W0.01.csv,13.4017,53.4579,2.6382,1.8635,7.29,13.38,53.5996,2.6398,1.8599,4.67
ID314_4_R2_W0.05.csv,17.9077,86.1727,0.9166,0.8204,25.0,17.9008,86.2578,0.9164,0.8197,7.77
ID315_4_R2_W0.06.csv,13.214,182.2378,0.796,0.5998,15.95,13.2039,182.6085,0.7956,0.5967,5.58
ID320_4_R3_W0.01.csv,14.4099,50.7472,2.4038,2.5312,90.08,14.422,50.7202,2.4011,2.5297,13.05
ID321_4_R3_W0.0256.csv,14.3306,59.6999,2.066,1.6712,56.27,14.3252,59.738,2.0663,1.6696,11.54
ID322_4_R3_W0.0411.csv,14.0756,69.7642,1.8326,1.2677,64.85,14.0647,69.8673,1.8328,1.2595,10.66
ID323_4_R3_W0.0567.csv,13.5736,83.7132,1.6423,1.0226,71.91,13.5643,83.8551,1.6418,1.0144,9.96
ID325_4_R3_W0.0878.csv,10.2778,186.8508,1.2833,0.647,12.48,10.3033,186.3232,1.2806,0.6485,5.62
ID330_4_R4_W0.01.csv,10.9249,61.5744,3.4467,2.8267,26.78,10.9321,61.4763,3.4476,2.8299,13.25
ID331_4_R4_W0.0311.csv,10.875,74.9705,2.8569,1.7037,21.27,10.8894,74.8848,2.8526,1.7057,9.98
ID332_4_R4_W0.0522.csv,10.6893,88.4509,2.5064,1.2639,17.32,10.6824,88.3332,2.5129,1.255,8.72
ID333_4_R4_W0.0733.csv,10.2599,107.6055,2.2362,1.0139,10.52,10.2621,107.7339,2.2326,1.0037,6.2
ID334_4_R4_W0.0944.csv,9.543,139.9014,1.9881,0.8056,8.55,9.5212,140.5245,1.9884,0.7982,5.16
ID335_4_R4_W0.1156.csv,7.8959,232.3563,1.7486,0.6223,16.58,7.8889,232.8275,1.7481,0.6223,6.52
ID340_4_R5_W0.01.csv,8.8156,72.6302,4.4877,3.1552,30.8,8.8233,72.5781,4.483,3.1518,13.5
ID341_4_R5_W0.0367.csv,8.8404,87.9046,3.6871,1.7589,21.69,8.8563,87.4892,3.6914,1.759,10.99
ID342_4_R5_W0.0633.csv,8.6975,103.543,3.234,1.2663,14.77,8.7074,103.4118,3.2307,1.271,9.03
ID343_4_R5_W0.09.csv,8.3836,125.7973,2.8649,1.0073,11.61,8.3941,125.3692,2.8675,0.9984,7.73
ID344_4_R5_W0.1167.csv,7.852,160.7727,2.5554,0.8177,15.22,7.8527,160.5585,2.5584,0.8176,9.29
ID345_4_R5_W0.1433.csv,6.5821,262.9663,2.2234,0.6284,18.32,6.5638,264.4343,2.2234,0.6265,8.12
ID350_4_R6_W0.01.csv,7.3067,88.909,5.3364,3.3309,27.07,7.3174,88.5216,5.3441,3.3395,8.62
ID351_4_R6_W0.0422.csv,7.4281,102.5561,4.4763,1.7523,23.86,7.4212,102.9038,4.4695,1.7507,8.43
ID352_4_R6_W0.0744.csv,7.2968,122.069,3.8974,1.2702,12.72,7.3061,121.4779,3.9064,1.2562,6.68
ID353_4_R6_W0.1067.csv,6.9815,151.211,3.4368,0.9851,9.23,7.0212,149.6726,3.433,1.0008,5.57
ID354_4_R6_W0.1389.csv,6.5371,193.4109,3.0647,0.8049,9.4,6.5502,192.4535,3.0677,0.8055,5.23
ID355_4_R6_W0.1711.csv,5.7785,271.6596,2.7924,0.6066,8.97,5.7919,271.4663,2.7815,0.6072,5.11
ID360_4_R7_W0.01.csv,6.313,99.7202,6.3736,3.6098,19.73,6.2927,99.9959,6.3971,3.582,8.78
ID361_4_R7_W0.0478.csv,6.3941,116.968,5.2968,1.757,14.49,6.4429,115.2489,5.2946,1.7653,9.52
ID362_4_R7_W0.0856.csv,6.3381,136.4444,4.6213,1.255,11.47,6.3142,137.895,4.6073,1.2686,6.8
ID363_4_R7_W0.1233.csv,6.2321,155.9437,4.1822,1.0068,13.69,6.2225,156.6501,4.1762,1.046,7.23
ID364_4_R7_W0.1611.csv,5.9106,192.97,3.7574,0.7831,15.98,5.9088,193.3345,3.7526,0.7875,7.18
ID365_4_R7_W0.1989.csv,5.1444,284.6542,3.3624,0.5809,-16.01,5.1438,284.78,3.3617,0.5847,5.71
ID370_4_R8_W0.01.csv,5.5963,97.0456,8.334,3.9093,-38.84,5.6106,96.9549,8.2994,3.9112,12.25
ID371_4_R8_W0.0533.csv,5.6824,125.1718,6.2672,1.7501,35.77,5.6677,125.7979,6.2683,1.7444,8.92
ID372_4_R8_W0.0967.csv,5.634,146.6788,5.4405,1.2413,24.96,5.631,146.7811,5.4426,1.2262,7.97
ID373_4_R8_W0.14.csv,5.5528,168.0059,4.8899,0.9817,-20.31,5.5381,168.5334,4.9003,0.9661,8.14
ID374_4_R8_W0.1833.csv,5.2003,214.2722,4.3714,0.7286,-12.92,5.2011,214.0251,4.3751,0.7222,5.74
ID375_4_R8_W0.2267.csv,4.1947,395.5498,3.6395,0.6139,5.48,4.1914,395.3924,3.6466,0.6109,2.8
ID380_4_R9_W0.01.csv,4.9279,124.9232,8.3497,3.9578,35.31,4.8811,128.3176,8.2853,3.9165,6.65
ID381_4_R9_W0.0589.csv,5.0904,138.4626,7.0599,1.7614,-22.43,5.0634,139.7859,7.0678,1.7573,7.72
ID382_4_R9_W0.1078.csv,5.0843,156.9273,6.2442,1.2375,-100.24,5.071,157.3871,6.2588,1.2347,7.76
ID383_4_R9_W0.1567.csv,4.9584,109.8607,9.3779,0.9671,-274.81,4.9588,110.1734,9.3499,0.9673,6.91
ID384_4_R9_W0.2056.csv,4.6306,243.2188,4.8569,0.7779,24.7,4.6343,242.3166,4.8673,0.7659,5.29
ID385_4_R9_W0.2544.csv,3.6918,454.1912,4.0918,0.6018,5.0,3.6851,456.0762,4.0899,0.6101,7.19
ID390_4_R10_W0.01.csv,4.2952,155.9141,8.8062,3.9249,7.64,4.2777,157.6042,8.7834,3.9039,5.41
ID391_4_R10_W0.0644.csv,4.4853,169.6166,7.4232,1.7148,16.14,4.4613,171.9529,7.4014,1.7259,5.72
ID392_4_R10_W0.1189.csv,4.3662,207.0868,6.4161,1.3824,6.31,4.3687,206.1879,6.4367,1.2327,4.57
ID393_4_R10_W0.1733.csv,4.3464,225.6048,5.9435,0.9447,29.96,4.3276,228.222,5.9264,0.9376,25.56
ID394_4_R10_W0.2278.csv,3.823,341.26,5.0786,0.7664,4.54,3.8405,338.3851,5.0752,0.7745,3.77
ID395_4_R10_W0.2822.csv,3.3127,507.1689,4.5513,0.6108,29.62,3.2642,524.1654,4.5355,0.5937,7.82
ID40_1_R5_W0.01.csv,10.98,60.521,3.4716,2.1,7.84,10.9593,60.6816,3.4755,2.1166,4.8
ID420_5_R3_W0.01.csv,18.0292,36.454,2.1377,2.6875,35.74,18.0285,36.4483,2.1382,2.7012,9.29
ID421_5_R3_W0.0256.csv,17.9802,42.6334,1.8378,1.7866,29.7,17.9661,42.6876,1.8384,1.7915,7.96
ID422_5_R3_W0.0411.csv,17.6539,50.1216,1.6216,1.3349,27.71,17.6414,50.1843,1.6218,1.3292,7.11
ID423_5_R3_W0.0567.csv,16.8613,61.5182,1.4483,1.0674,31.56,16.8616,61.5427,1.4477,1.0651,6.39
ID424_5_R3_W0.0722.csv,14.3812,98.0351,1.2493,0.8569,21.44,14.3979,97.7307,1.2503,0.8492,5.25
ID430_5_R4_W0.01.csv,13.5689,46.2132,2.977,3.0047,51.14,13.5713,46.2442,2.974,2.9987,8.89
ID431_5_R4_W0.0311.csv,13.6764,53.6328,2.525,1.8406,31.49,13.6725,53.61,2.5275,1.8271,8.18
ID432_5_R4_W0.0522.csv,13.5802,61.3138,2.2401,1.3724,78.12,13.5553,61.2962,2.249,1.3773,7.82
ID433_5_R4_W0.0733.csv,13.0177,75.2246,1.9871,1.0918,-161.18,13.0054,75.4288,1.9854,1.0893,7.6
ID434_5_R4_W0.0944.csv,11.4287,110.2355,1.7592,0.8376,-23.57,11.4491,110.0233,1.7563,0.8379,8.96
ID440_5_R5_W0.01.csv,10.8902,54.3728,3.9281,3.3053,20.55,10.9169,54.1781,3.923,3.3151,10.09
ID441_5_R5_W0.0367.csv,11.0648,63.0239,3.2828,1.8644,22.83,11.0678,63.0139,3.2816,1.8634,8.55
ID442_5_R5_W0.0633.csv,10.918,74.3922,2.8564,1.3734,20.54,10.92,74.256,2.8607,1.3713,7.5
ID443_5_R5_W0.09.csv,10.4261,92.6276,2.5157,1.074,16.41,10.4561,91.8892,2.5214,1.0729,6.52
ID444_5_R5_W0.1167.csv,9.1767,135.6414,2.2175,0.813,11.17,9.1176,137.8664,2.2102,0.8185,4.39
ID450_5_R6_W0.01.csv,9.0111,64.8594,4.8096,3.557,11.74,9.0848,63.6382,4.8228,3.5745,8.78
ID451_5_R6_W0.0422.csv,9.2131,74.4792,4.0068,1.8515,12.75,9.2484,74.1769,3.9924,1.8587,7.64
ID452_5_R6_W0.0744.csv,9.1306,87.8157,3.4599,1.351,10.33,9.1079,88.3071,3.4579,1.349,6.96
ID453_5_R6_W0.1067.csv,8.733,108.8592,3.051,1.0688,8.41,8.7236,109.3776,3.0431,1.0662,5.22
ID454_5_R6_W0.1389.csv,7.6913,159.3833,2.6866,0.7981,6.27,7.689,159.748,2.6821,0.8092,3.79
ID460_5_R7_W0.01.csv,7.7539,74.008,5.6928,3.8143,18.42,7.73,74.3611,5.7007,3.8085,6.82
ID461_5_R7_W0.0478.csv,7.9823,84.0112,4.732,1.8796,19.06,7.9594,84.3698,4.7391,1.8754,6.74
ID462_5_R7_W0.0856.csv,7.8615,100.3215,4.0854,1.3358,12.51,7.8321,100.8223,4.0957,1.3274,5.4
ID463_5_R7_W0.1233.csv,7.4923,124.994,3.6101,1.0399,8.27,7.5298,123.9869,3.6032,1.0483,4.64
ID464_5_R7_W0.1611.csv,6.72,176.7352,3.1738,0.808,9.79,6.7055,178.3548,3.1585,0.8096,3.6
ID470_5_R8_W0.01.csv,6.7618,84.843,6.5298,4.0063,18.2,6.7737,84.8305,6.5079,3.9944,5.65
ID471_5_R8_W0.0533.csv,6.988,96.0402,5.4011,1.908,17.54,6.9797,95.9289,5.4202,1.9114,5.47
ID472_5_R8_W0.0967.csv,6.8213,116.5578,4.6705,1.3242,8.9,6.8665,114.6906,4.6843,1.3264,4.45
ID473_5_R8_W0.14.csv,6.5373,143.1039,4.1418,0.9609,7.05,6.5452,144.3018,4.0975,1.0137,3.53
ID474_5_R8_W0.1833.csv,5.9172,201.0911,3.5976,0.8303,-12.3,5.8616,205.3683,3.5898,0.8164,3.98
ID480_5_R9_W0.01.csv,6.0656,91.5221,7.5227,4.2281,-219.18,6.0651,91.6252,7.5153,4.2291,5.92
ID482_5_R9_W0.1078.csv,6.1268,127.6009,5.2884,1.3339,19.55,6.1669,125.1126,5.3236,1.3322,6.59
ID484_5_R9_W0.2056.csv,5.2182,230.0348,4.0439,0.8113,9.08,5.3175,220.5743,4.0613,0.8155,4.37
ID491_5_R10_W0.0644.csv,5.7445,108.8576,7.0514,1.8978,-9.62,5.6938,110.2782,7.0851,1.8725,7.42
ID493_5_R10_W0.1733.csv,5.201,183.6724,5.0982,0.9924,22.86,5.2038,183.5948,5.095,1.0056,4.38
ID494_5_R10_W0.2278.csv,4.7363,247.5677,4.561,0.7941,-60.59,4.794,240.8441,4.5762,0.7924,4.48
ID50_1_R6_W0.01.csv,9.2258,70.9837,4.1925,2.2142,6.29,9.1912,71.17,4.2131,2.1926,4.49
ID520_6_R3_W0.01.csv,13.5094,24.6977,5.6197,7.882,-52.44,13.4941,24.7048,5.6308,7.8601,31.31
ID521_6_R3_W0.0156.csv,13.7424,26.0964,5.1396,6.5799,-64.6,13.7349,26.0929,5.146,6.5723,33.03
ID522_6_R3_W0.0211.csv,13.9765,27.4769,4.7193,5.6893,-79.37,13.9829,27.4297,4.7231,5.7042,35.72
ID523_6_R3_W0.0267.csv,14.2078,28.8478,4.3499,5.0295,-58.11,14.2029,28.8833,4.3475,5.0261,30.74
ID524_6_R3_W0.0322.csv,14.3858,30.4005,4.0262,4.5078,-63.63,14.3851,30.3927,4.0276,4.5144,32.18
ID525_6_R3_W0.0378.csv,14.5364,32.126,3.7314,4.0797,-66.43,14.5348,32.1295,3.7318,4.0645,27.78
ID526_6_R3_W0.0433.csv,14.6564,33.9971,3.4685,3.7619,-58.9,14.6561,33.9921,3.4692,3.7797,26.98
ID527_6_R3_W0.0489.csv,14.7549,36.2514,3.2095,3.4806,-46.98,14.7433,36.3674,3.2044,3.466,25.36
ID528_6_R3_W0.0544.csv,14.787,39.0922,2.9634,3.2205,-50.08,14.7824,39.1291,2.9624,3.2186,22.81
ID529_6_R3_W0.06.csv,14.7555,42.6982,2.7247,2.9687,-49.57,14.7631,42.6754,2.7234,2.9676,22.98
ID530_6_R4_W0.01.csv,9.9516,32.2223,7.9378,8.6069,-73.23,9.9649,32.3354,7.8889,8.605,23.39
ID531_6_R4_W0.0178.csv,10.1371,34.9337,7.0562,6.7604,211.39,10.1755,34.5871,7.0732,6.781,27.13
ID532_6_R4_W0.0256.csv,10.4189,34.6531,6.7337,5.9091,-54.93,10.394,34.7808,6.7412,5.8616,32.58
ID533_6_R4_W0.0333.csv,10.5828,36.7141,6.1603,5.0914,233.36,10.6084,36.3736,6.1881,5.1179,34.85
ID534_6_R4_W0.0411.csv,10.7445,38.5991,5.6844,4.5079,-341.63,10.7043,39.1273,5.65,4.4674,22.92
ID535_6_R4_W0.0489.csv,10.8651,40.9158,5.2442,4.0406,294.35,10.8653,40.931,5.2421,4.0438,25.93
ID536_6_R4_W0.0567.csv,10.9669,43.5739,4.8333,3.669,113.64,10.9863,43.2576,4.8515,3.6995,24.25
ID537_6_R4_W0.0644.csv,11.0284,46.7427,4.4555,3.3666,177.78,11.0414,46.6579,4.4531,3.354,21.35
ID538_6_R4_W0.0722.csv,11.0637,50.4148,4.1047,3.114,74.65,11.0753,50.255,4.1092,3.1034,17.73
ID539_6_R4_W0.08.csv,11.0308,55.5872,3.745,2.8549,54.07,11.0361,55.4445,3.751,2.8651,15.67
ID540_6_R5_W0.01.csv,7.9785,37.5301,10.6028,9.7061,93.13,7.975,37.6761,10.5709,9.7008,-71.83
ID541_6_R5_W0.02.csv,8.2442,38.7686,9.6131,7.3777,377.43,8.2359,38.7442,9.6385,7.3317,-59.39
ID542_6_R5_W0.03.csv,8.358,41.9958,8.6344,5.9661,-73.4,8.3733,41.7159,8.6606,5.9843,-149.86
ID543_6_R5_W0.04.csv,8.5006,44.7985,7.8249,5.1448,275.1,8.4815,45.1315,7.8023,5.1524,12.83
ID544_6_R5_W0.05.csv,8.6121,47.6898,7.1614,4.4814,41.13,8.6106,47.5314,7.1877,4.4977,10.12
ID545_6_R5_W0.06.csv,8.7047,50.9223,6.5648,4.0409,60.27,8.7203,50.7053,6.5693,4.0299,11.34
ID546_6_R5_W0.07.csv,8.7738,53.9276,6.1018,3.5427,64.64,8.778,53.946,6.0938,3.5473,11.44
ID547_6_R5_W0.08.csv,8.8125,58.3831,5.5867,3.3046,72.24,8.8924,56.8945,5.6304,3.3654,13.05
ID548_6_R5_W0.09.csv,8.8501,63.3061,5.1086,3.0802,68.11,8.8374,63.335,5.1209,3.0977,10.85
ID549_6_R5_W0.1.csv,8.7854,70.191,4.6756,2.7802,0.0,8.7941,70.0656,4.6747,2.7972,0.0
ID550_6_R6_W0.01.csv,6.5964,44.7381,13.0123,10.4995,55.0,6.5666,45.238,12.9853,10.3813,51.05
ID551_6_R6_W0.0222.csv,6.8454,47.3157,11.4246,7.5335,448.64,6.8164,47.252,11.5375,7.45,16.43
ID552_6_R6_W0.0344.csv,6.9927,49.7683,10.4087,6.0589,-458.72,7.0207,49.2901,10.426,6.0849,29.66
ID553_6_R6_W0.0467.csv,7.0893,53.9514,9.3418,5.1866,48.38,7.1034,53.4233,9.3966,5.1924,28.01
ID554_6_R6_W0.0589.csv,7.1741,57.6773,8.533,4.4549,31.45,7.2108,56.6951,8.5926,4.5072,27.0
ID555_6_R6_W0.0711.csv,7.3678,59.1295,7.8914,4.0748,-159.57,7.2693,61.2369,7.8279,4.0947,33.8
ID556_6_R6_W0.0833.csv,7.3757,64.677,7.1991,3.6641,66.34,7.3736,64.2573,7.2504,3.6815,41.88
ID558_6_R6_W0.1078.csv,7.4208,74.8649,6.1441,3.0832,-263.98,7.4571,73.6479,6.185,3.1338,11.6
ID559_6_R6_W0.12.csv,7.5011,79.879,5.6358,2.8208,-28.52,7.5456,78.9641,5.6341,2.8742,21.17
ID560_6_R7_W0.01.csv,5.5721,48.1464,16.9451,11.4264,-64.0,5.5999,47.5727,16.9792,11.5754,-74.89
ID561_6_R7_W0.0244.csv,5.7093,48.4543,16.0377,7.7963,38.46,5.7061,48.5612,16.0204,7.7929,11.72
ID562_6_R7_W0.0389.csv,5.8789,51.4308,14.2502,6.0903,23.04,5.8848,51.3178,14.2529,6.0896,13.29
ID563_6_R7_W0.0533.csv,6.1068,57.2947,11.8549,5.1067,-466.44,6.1166,57.0593,11.8656,5.1005,34.92
ID564_6_R7_W0.0678.csv,6.2217,58.832,11.1227,4.5095,348.16,6.2189,59.0444,11.0926,4.5021,30.5
ID565_6_R7_W0.0822.csv,6.3055,62.8186,10.1418,4.0318,-42.36,6.3217,62.3706,10.1624,4.0462,157.28
ID566_6_R7_W0.0967.csv,6.3765,67.3948,9.2438,3.6491,143.66,6.3929,66.7471,9.2855,3.6545,42.22
ID567_6_R7_W0.1111.csv,6.4683,71.2312,8.4995,3.3474,-126.62,6.4577,71.5008,8.4953,3.3507,38.26
ID568_6_R7_W0.1256.csv,6.492,77.182,7.787,3.1058,-256.3,6.4815,77.8088,7.7492,3.0932,30.92
ID569_6_R7_W0.14.csv,6.4991,83.2151,7.2066,2.8031,-311.52,6.4901,83.6104,7.1925,2.7968,27.36
ID570_6_R8_W0.01.csv,4.9133,53.3994,19.6499,12.2297,-11.64,4.9055,53.4874,19.68,12.1593,50.26
ID571_6_R8_W0.0267.csv,5.1708,57.7846,16.3953,7.9678,-12.49,5.1759,57.7279,16.3787,7.9482,-67.49
ID572_6_R8_W0.0433.csv,5.2726,60.7631,14.9951,6.0959,-13.41,5.3005,60.3875,14.9298,6.1626,-21.84
ID573_6_R8_W0.06.csv,5.3991,64.7858,13.4128,5.0976,-15.93,5.4221,64.2895,13.4018,5.1222,-37.65
ID574_6_R8_W0.0767.csv,5.4771,66.7255,12.6546,4.4799,-29.78,5.4662,66.9247,12.6674,4.5586,-374.14
ID575_6_R8_W0.0933.csv,5.551,71.6778,11.4685,3.957,-52.76,5.5251,72.9935,11.3678,3.9128,72.49
ID576_6_R8_W0.11.csv,5.586,77.8153,10.4321,3.5032,106.42,5.5467,80.1283,10.2752,3.4834,27.43
ID577_6_R8_W0.1267.csv,5.6347,81.9017,9.7412,3.1944,54.68,5.6265,82.4491,9.7047,3.1663,47.32
ID578_6_R8_W0.1433.csv,5.624,89.7943,8.9186,2.8314,26.11,5.6781,87.0742,9.0227,2.8696,32.85
ID579_6_R8_W0.16.csv,5.6542,96.2479,8.232,2.5608,54.39,5.666,96.1348,8.2075,2.5806,42.2
ID580_6_R9_W0.01.csv,4.308,60.3697,22.6081,12.6896,-25.95,4.3283,60.2864,22.4282,12.6776,-32.59
ID581_6_R9_W0.0289.csv,4.513,65.6119,18.9551,7.6939,-50.1,4.5318,65.3352,18.8781,7.7859,352.04
ID582_6_R9_W0.0478.csv,4.6365,71.0967,16.5731,5.8741,282.59,4.6221,71.7585,16.5231,5.8506,26.94
ID583_6_R9_W0.0667.csv,4.7218,69.1749,16.424,4.9367,64.92,4.7221,69.1139,16.4363,4.9248,27.52
ID584_6_R9_W0.0856.csv,4.8081,73.1675,14.9753,4.255,62.31,4.8044,73.1974,14.9925,4.2161,23.24
ID585_6_R9_W0.1044.csv,4.8812,79.0393,13.4505,3.7687,75.37,4.8906,78.8472,13.4316,3.7463,21.67
ID587_6_R9_W0.1422.csv,5.0218,87.3296,11.5018,3.0684,-462.56,5.0397,86.4686,11.5337,3.1051,26.32
ID589_6_R9_W0.18.csv,5.0327,105.6431,9.4668,2.5354,-129.91,5.0429,105.4919,9.4419,2.6119,28.13
ID590_6_R10_W0.01.csv,3.8061,63.4396,27.5628,13.5818,-462.4,3.8158,62.9578,27.632,13.6897,61.8
ID591_6_R10_W0.0311.csv,4.0277,69.3401,22.5183,7.9138,-126.07,4.0383,68.6324,22.6314,7.9408,31.35
ID592_6_R10_W0.0522.csv,4.2147,71.7508,19.874,6.0892,-29.67,4.1943,72.4572,19.8721,6.0799,209.73
ID594_6_R10_W0.0944.csv,4.3815,80.7926,16.3317,4.7126,-73.26,4.3704,81.277,16.3162,4.4674,53.7
ID595_6_R10_W0.1156.csv,4.441,86.5679,14.836,3.8109,453.8,4.4334,87.0444,14.8059,3.8528,37.39
ID596_6_R10_W0.1367.csv,4.4951,91.9322,13.6361,3.4318,-204.53,4.4993,91.5096,13.6738,3.4211,14.45
ID597_6_R10_W0.1578.csv,4.5318,97.7476,12.618,3.0707,-245.33,4.5284,98.0997,12.5918,3.0555,24.21
ID598_6_R10_W0.1789.csv,4.2763,144.4878,9.5866,2.9215,7.59,4.3038,141.643,9.6547,2.9857,5.0
ID599_6_R10_W0.2.csv,4.2329,164.2395,8.6075,2.7482,9.91,4.2393,164.8252,8.5513,2.7698,4.71
ID60_1_R7_W0.01.csv,7.981,79.5874,4.9967,2.396,6.2,7.9839,79.6267,4.9906,2.4014,4.68
ID640_8_R5_W0.01.csv,18.6401,4.3203,16.8746,16.3455,-96.36,18.726,4.2877,16.8471,16.4595,-10.87
ID642_8_R5_W0.03.csv,19.2392,4.6301,14.7802,9.5224,-36.67,19.333,4.5926,14.7564,9.5069,-8.25
ID643_8_R5_W0.04.csv,19.4478,4.7246,14.1752,8.6767,-35.38,19.4756,4.7242,14.1363,8.7029,-8.2
ID644_8_R5_W0.05.csv,19.7738,4.9684,13.0389,7.7611,-19.04,19.7715,4.9787,13.0151,7.7619,-6.91
ID645_8_R5_W0.06.csv,19.8951,5.0087,12.7768,6.7064,-21.21,19.8932,5.0131,12.7681,6.7701,-6.72
ID650_8_R6_W0.01.csv,15.6553,5.2242,19.7832,16.137,-46.43,15.5757,5.2256,19.9808,16.1747,-16.58
ID651_8_R6_W0.0222.csv,15.8775,5.4718,18.3633,15.1306,-50.02,15.8862,5.4087,18.5569,15.1218,-16.0
ID653_8_R6_W0.0467.csv,16.2787,5.5505,17.2215,8.2379,-31.27,16.2638,5.524,17.3358,8.1664,-9.4
ID654_8_R6_W0.0589.csv,16.3922,5.7471,16.4028,7.4424,-53.46,16.4519,5.699,16.4213,7.5767,-8.47
ID656_8_R6_W0.0833.csv,16.7212,6.0339,15.0142,7.7199,-22.04,16.7626,6.0041,15.0144,7.7047,-6.96
ID657_8_R6_W0.0956.csv,16.7889,6.2332,14.4174,6.2542,-23.06,16.858,6.1942,14.3894,6.3549,-6.95
ID659_8_R6_W0.12.csv,16.9697,6.3215,13.9147,5.8266,-26.25,17.0302,6.253,13.9675,5.9101,-6.54
ID660_8_R7_W0.01.csv,13.4826,6.4969,21.4479,17.3761,-35.16,13.4891,6.4655,21.5315,17.5152,-9.5
ID661_8_R7_W0.0244.csv,13.5479,6.3034,21.8939,13.9814,-71.22,13.6002,6.2788,21.8111,13.9001,-12.0
ID662_8_R7_W0.0389.csv,13.7522,6.4105,20.8929,10.1416,-38.99,13.7988,6.3109,21.0799,10.264,-13.36
ID663_8_R7_W0.0533.csv,13.9344,6.8048,19.1714,12.0893,-53.98,14.0079,6.7149,19.2247,12.2121,-8.23
ID668_8_R7_W0.1256.csv,14.4573,7.3892,16.4009,6.0412,-46.41,14.5478,7.2796,16.4413,6.0619,-5.99
ID669_8_R7_W0.14.csv,14.5753,7.2918,16.3519,5.8898,-22.14,14.5915,7.2759,16.3512,5.9084,-6.42
ID671_8_R8_W0.0267.csv,11.9274,6.6234,26.8825,11.9751,-200.25,11.8747,6.6264,27.1093,12.0356,-15.97
ID672_8_R8_W0.0433.csv,12.099,6.8006,25.4447,9.4405,-73.03,12.092,6.8207,25.3986,9.3989,-10.87
ID673_8_R8_W0.06.csv,12.2739,7.0474,23.8587,7.9058,-75.53,12.2362,7.0796,23.8969,7.9547,-9.76
ID674_8_R8_W0.0767.csv,12.4043,7.1371,23.0664,6.9425,-22.33,12.3477,7.1586,23.208,7.0167,-10.17
ID675_8_R8_W0.0933.csv,12.4864,7.2593,22.3805,6.2082,-35.54,12.48,7.2802,22.3393,6.2594,-7.68
ID676_8_R8_W0.11.csv,12.627,7.4759,21.2509,6.4694,-21.81,12.6022,7.5014,21.2619,6.5182,-6.98
ID677_8_R8_W0.1267.csv,12.6931,7.8458,20.0387,5.6456,-35.21,12.708,7.7382,20.2696,5.6122,-6.32
ID678_8_R8_W0.1433.csv,12.7875,7.9371,19.5166,5.0206,-15.74,12.7744,7.9319,19.5696,4.9605,-6.39
ID679_8_R8_W0.16.csv,12.8503,7.9949,19.1869,4.5392,-15.8,12.8493,8.0141,19.1437,4.5134,-6.55
ID680_8_R9_W0.01.csv,10.4605,9.0731,25.5142,18.1628,-47.94,10.5562,8.9392,25.4292,18.3399,-8.83
ID681_8_R9_W0.0289.csv,10.6643,9.2183,24.1613,22.9843,-38.66,10.7064,9.1659,24.1092,23.0451,-9.06
ID687_8_R9_W0.1422.csv,11.2813,9.6047,20.7223,9.2339,-25.12,11.3729,9.4049,20.8232,9.4214,-5.83
ID688_8_R9_W0.1611.csv,11.3522,9.5389,20.6055,6.2552,-34.11,11.4267,9.4738,20.4772,6.3178,-5.72
ID695_8_R10_W0.1156.csv,10.0312,10.7594,23.3964,12.1936,-38.72,10.0899,10.6235,23.4207,12.4085,-5.92
ID697_8_R10_W0.1578.csv,10.1639,11.0929,22.1042,10.1104,-24.88,10.2139,10.9505,22.1728,10.4659,-6.0
ID70_1_R8_W0.01.csv,6.9743,91.2125,5.7093,2.5198,6.88,6.9914,90.9593,5.6972,2.5196,4.36
ID720_9_R3_W0.01.csv,18.2796,3.9476,19.2034,28.0993,-203.4,18.2826,3.9429,19.22,28.0932,-32.88
ID721_9_R3_W0.0172.csv,19.2855,4.0781,16.7001,23.0278,-19.1,19.2972,4.0833,16.6588,23.0798,-11.68
ID722_9_R3_W0.0244.csv,19.8766,4.1444,15.47,19.7773,-64.2,19.9431,4.121,15.4543,19.9496,-16.48
ID730_9_R4_W0.01.csv,14.0866,5.3393,23.908,32.0284,-20.82,14.0428,5.3203,24.1432,32.0652,-28.67
ID731_9_R4_W0.02.csv,14.3835,5.3298,22.9719,23.7258,-81.97,14.3297,5.3348,23.1232,23.624,287.92
ID732_9_R4_W0.03.csv,14.8339,5.4673,21.0551,20.6461,-76.82,14.8317,5.4487,21.1331,20.8291,-86.29
ID733_9_R4_W0.04.csv,15.297,5.5166,19.6225,17.3107,-34.95,15.2966,5.4818,19.7482,17.2944,-37.99
ID734_9_R4_W0.05.csv,15.6007,5.5153,18.8704,15.9574,-113.85,15.6196,5.4904,18.9104,15.9453,-54.53
ID735_9_R4_W0.06.csv,15.9686,5.6201,17.6751,14.6947,-145.09,16.0361,5.5694,17.6864,14.8211,-57.88
ID736_9_R4_W0.07.csv,16.3998,5.6192,16.7606,13.6508,-75.85,16.4094,5.5887,16.8321,13.6267,-35.21
ID737_9_R4_W0.08.csv,16.7706,5.6648,15.8984,12.5548,-64.54,16.771,5.6099,16.0535,12.7953,-23.86
ID738_9_R4_W0.09.csv,17.1717,5.6896,15.0983,11.9908,-64.83,17.2269,5.6487,15.1104,11.9489,-18.41
ID740_9_R5.0_W0.01.csv,11.16,6.6913,30.3948,35.1416,-19.94,11.1006,6.7348,30.5229,34.4318,-20.51
ID741_9_R5.0_W0.0228.csv,11.604,6.7976,27.6738,26.0017,-12.41,11.699,6.7603,27.3765,26.6311,-7.81
ID742_9_R5.0_W0.0356.csv,11.7506,6.742,27.2099,19.9364,-47.62,11.7778,6.7215,27.1673,19.8256,-18.63
ID743_9_R5.0_W0.0483.csv,11.9617,6.6807,26.4993,16.74,-61.5,11.9589,6.6811,26.5101,16.838,-20.19
ID744_9_R5.0_W0.0611.csv,12.6381,6.9134,22.9393,16.7194,-11.92,12.5804,6.9585,23.0005,16.2807,-9.05
ID745_9_R5.0_W0.0739.csv,12.8279,7.0012,21.9865,14.3754,-21.67,12.8743,6.9524,21.9816,14.4471,-9.56
ID746_9_R5.0_W0.0867.csv,13.2064,7.101,20.4528,14.0802,48.31,13.2539,7.0246,20.527,14.5395,-19.95
ID747_9_R5.0_W0.0994.csv,13.4686,7.0958,19.6784,13.2159,54.74,13.5108,7.0907,19.5698,13.1471,-40.95
ID748_9_R5.0_W0.1122.csv,13.792,7.2326,18.4116,11.9463,-70.68,13.782,7.1035,18.7734,11.8783,-20.67
ID749_9_R5.0_W0.125.csv,14.0691,7.2373,17.6818,11.2377,-50.23,14.0486,7.1392,17.9771,11.6187,-15.63
ID750_9_R6.0_W0.01.csv,9.3331,7.9248,36.6944,38.5223,-12.5,9.289,7.9577,36.8909,38.1995,-9.72
ID753_9_R6.0_W0.0567.csv,10.3744,8.3146,28.3057,21.0214,-19.86,10.4235,8.2618,28.2189,21.5371,-15.31
ID754_9_R6.0_W0.0722.csv,10.6798,8.3106,26.7229,16.1773,-63.75,10.7157,8.2206,26.8345,16.8367,-21.17
ID755_9_R6.0_W0.0878.csv,10.955,8.4262,25.0486,16.3708,-35.76,11.0134,8.3542,24.9975,16.5748,-25.99
ID757_9_R6.0_W0.1189.csv,11.5388,8.4733,22.4526,14.0014,-59.79,11.5622,8.3762,22.6209,14.0874,-29.94
ID758_9_R6.0_W0.1344.csv,11.8546,8.4967,21.2136,12.9639,-68.23,11.8688,8.4166,21.3643,13.3635,-55.13
ID759_9_R6.0_W0.15.csv,12.1822,8.4873,20.1103,13.5386,-56.04,12.1553,8.4582,20.2691,13.0303,-23.89
ID760_9_R7.0_W0.01.csv,7.4358,8.6589,52.9082,39.3261,7.57,7.4411,8.6476,52.9025,39.1058,7.77
ID761_9_R7.0_W0.0283.csv,8.3093,9.5248,38.5173,28.3507,-51.63,8.3715,9.4873,38.0971,28.7194,-42.15
ID762_9_R7.0_W0.0467.csv,8.5713,9.521,36.2132,21.1538,-116.86,8.6495,9.4777,35.7242,21.2192,-17.51
ID767_9_R7.0_W0.1383.csv,9.9172,10.0211,25.7012,14.4602,-8.14,9.8615,9.9203,26.2561,13.7974,-6.46
ID769_9_R7.0_W0.175.csv,10.438,10.0567,23.1179,13.7213,-38.11,10.4617,9.9891,23.169,14.1322,-10.71
ID770_9_R8.0_W0.01.csv,6.8851,10.3079,51.8377,42.5824,-96.03,6.8493,10.364,52.0977,42.2314,-34.28
ID772_9_R8.0_W0.0522.csv,7.4743,10.8346,41.8497,20.965,115.66,7.5139,10.6632,42.0743,21.2156,-20.65
ID773_9_R8.0_W0.0733.csv,7.6256,10.6391,40.9437,16.6761,16.43,7.5941,10.6794,41.128,16.4164,53.23
ID774_9_R8.0_W0.0944.csv,7.9259,10.8426,37.1882,16.7882,78.66,7.8915,11.0041,36.9626,16.3243,-38.15
ID775_9_R8.0_W0.1156.csv,7.9302,10.8503,37.1215,12.5368,260.13,7.9755,10.756,37.0228,12.4895,-25.06
ID776_9_R8.0_W0.1367.csv,8.1937,10.9164,34.5624,12.2038,-489.49,8.2217,10.9494,34.2241,12.1255,-19.65
ID777_9_R8.0_W0.1578.csv,8.4922,11.0961,31.654,11.6392,110.79,8.4579,11.0057,32.1733,11.7111,-54.58
ID778_9_R8.0_W0.1789.csv,8.7474,11.2466,29.4345,13.2565,64.94,8.7323,11.2287,29.5841,13.3441,-24.45
ID779_9_R8.0_W0.2.csv,8.9115,11.3679,28.058,13.154,-239.56,8.9631,11.2513,28.0236,12.96,-12.51
ID781_9_R9.0_W0.0339.csv,6.379,11.9259,52.1961,28.147,-14.75,6.3234,12.0029,52.778,27.5544,-34.73
ID785_9_R9.0_W0.1294.csv,7.0352,12.2912,41.6385,12.9165,75.27,7.0807,12.2046,41.3966,13.0795,-22.96
ID786_9_R9.0_W0.1533.csv,7.3784,12.8674,36.1595,18.1423,156.2,7.4627,12.5414,36.2664,18.477,-26.46
ID787_9_R9.0_W0.1772.csv,7.3923,12.5061,37.0642,10.8867,52.51,7.4912,12.3409,36.576,11.2585,-13.75
ID789_9_R9.0_W0.225.csv,7.8067,12.5843,33.0275,10.8642,224.12,7.8184,12.6073,32.8689,10.8454,-30.67
ID790_9_R10.0_W0.01.csv,5.4963,13.6671,61.3515,58.0475,-7.39,5.4373,13.6431,62.7999,57.2253,-6.7
ID791_9_R10.0_W0.0367.csv,5.8159,13.4692,55.5982,27.6746,-9.03,5.8624,13.2141,55.7762,28.1094,-5.63
ID792_9_R10.0_W0.0633.csv,6.0773,13.2809,51.6401,21.2269,-8.55,6.004,13.3962,52.454,20.9481,-7.42
ID794_9_R10.0_W0.1167.csv,6.5734,13.9407,42.0513,17.8231,-7.84,6.5529,13.7609,42.8677,18.4384,-6.03
ID795_9_R10.0_W0.1433.csv,6.5593,14.5371,40.4995,21.2983,-14.07,6.6188,14.3376,40.3276,21.8358,-7.17
ID796_9_R10.0_W0.17.csv,6.8309,13.9863,38.8134,14.2229,-11.85,6.7979,13.8512,39.5737,13.9363,-13.28
ID797_9_R10.0_W0.1967.csv,6.9416,14.3212,36.7067,15.7388,-17.12,6.9954,13.9589,37.0823,15.7565,-6.75
ID798_9_R10.0_W0.2233.csv,7.0854,14.1206,35.7319,13.5596,-12.91,7.0476,13.7974,36.9629,13.2519,-11.86
ID799_9_R10.0_W0.25.csv,7.3442,14.3627,32.6975,16.6933,-34.25,7.4434,14.3519,31.8559,16.34,-7.71
ID80_1_R9_W0.01.csv,6.2518,100.4952,6.449,2.6964,6.41,6.2037,101.5654,6.4802,2.6696,4.08
ID830_10_R4.0_W0.01.csv,16.8736,4.7993,18.5373,25.6173,-139.1,16.8359,4.8207,18.5378,25.2792,-40.49
ID832_10_R4.0_W0.03.csv,19.1336,5.1703,13.3825,16.3478,47.63,19.1114,5.2031,13.3289,16.1258,-14.81
ID840_10_R5.0_W0.01.csv,13.1896,5.9101,24.6367,27.6246,31.13,13.1992,5.8891,24.6883,27.5556,129.71
ID841_10_R5.0_W0.0228.csv,14.0448,6.2381,20.5854,20.6072,-184.5,14.0357,6.2104,20.7038,20.7387,-24.37
ID842_10_R5.0_W0.0356.csv,14.7346,6.3406,18.4007,16.5787,-24.55,14.6351,6.4182,18.4262,16.3028,-15.69
ID843_10_R5.0_W0.0483.csv,15.1491,6.5172,16.9357,14.0887,-38.21,15.097,6.5488,16.9706,14.133,-32.26
ID844_10_R5.0_W0.0611.csv,15.4932,6.5798,16.0377,12.3726,-88.33,15.5023,6.5688,16.0459,12.3402,-16.54
ID845_10_R5.0_W0.0739.csv,16.0074,6.6719,14.8167,11.1223,-54.18,15.9974,6.6945,14.7849,11.3075,-16.31
ID846_10_R5.0_W0.0867.csv,16.4518,6.8146,13.7333,10.1474,-86.25,16.437,6.8105,13.7663,10.1607,-14.75
ID847_10_R5_W0.0994.csv,16.1042,26.1639,3.733,3.0928,71.3,16.0899,26.1701,3.7388,3.0839,-16.06
ID849_10_R5_W0.125.csv,16.9901,26.9831,3.252,2.8858,69.83,16.9667,26.9095,3.27,2.8327,-13.73
ID850_10_R6.0_W0.01.csv,11.0503,7.0207,29.547,29.5123,-26.04,10.9884,7.0324,29.8311,29.5978,-29.19
ID852_10_R6.0_W0.0411.csv,12.0537,7.3498,23.7203,15.7053,236.64,12.0414,7.35,23.7684,15.6831,-32.67
ID853_10_R6.0_W0.0567.csv,12.589,7.5807,21.0837,13.5535,-61.95,12.6037,7.5441,21.1368,13.4052,-14.75
ID854_10_R6.0_W0.0722.csv,12.9018,7.6746,19.8281,12.119,398.49,12.9733,7.6337,19.7152,12.1756,-13.63
ID855_10_R6.0_W0.0878.csv,13.4432,7.8537,17.8468,11.2602,-33.27,13.4182,7.8852,17.8417,11.3187,-12.07
ID856_10_R6.0_W0.1033.csv,13.8169,8.0307,16.522,10.0854,69.42,13.8035,8.1509,16.3101,9.9139,-10.62
ID858_10_R6.0_W0.1344.csv,14.6549,8.3888,14.0595,8.8582,-120.27,14.5891,8.4371,14.1056,8.795,-9.76
ID859_10_R6.0_W0.15.csv,15.0095,8.4764,13.2647,8.3235,120.53,15.0421,8.5025,13.1667,8.3116,-8.8
ID861_10_R7_W0.0283.csv,9.2724,30.685,9.6012,6.9438,92.91,9.2663,30.7065,9.6072,6.9468,-30.71
ID862_10_R7_W0.0467.csv,9.6905,31.6404,8.5252,5.5364,85.7,9.6799,31.6203,8.5493,5.4713,-27.06
ID863_10_R7_W0.065.csv,10.0825,32.5038,7.666,4.517,81.37,10.075,32.5291,7.6715,4.5027,-23.98
ID864_10_R7_W0.0833.csv,10.2813,32.9227,7.2786,4.1354,79.26,10.2646,32.9508,7.2961,4.0963,-22.7
ID865_10_R7_W0.1017.csv,10.6622,33.7147,6.6089,3.5288,76.11,10.6434,33.7877,6.6179,3.4984,-20.42
ID866_10_R7_W0.12.csv,11.0449,34.5106,6.0168,3.1481,73.46,11.0291,34.573,6.0232,3.1303,-18.36
ID867_10_R7.0_W0.1383.csv,12.1191,9.4235,18.3014,9.2437,22.97,12.0785,9.4706,18.3332,9.035,-14.56
ID868_10_R7.0_W0.1567.csv,12.5631,9.7245,16.5038,8.7317,-337.56,12.4846,9.7387,16.6875,8.5512,-10.81
ID869_10_R7.0_W0.175.csv,12.878,9.7672,15.6378,8.3408,33.95,12.9074,9.732,15.6228,8.3423,-9.13
ID870_10_R8_W0.01.csv,7.6002,33.0795,13.2565,11.0633,103.53,7.5877,33.1292,13.2802,11.0299,-37.82
ID871_10_R8_W0.0311.csv,8.0204,34.265,11.4921,7.4768,93.06,8.0144,34.2424,11.5168,7.4745,-32.39
ID872_10_R8_W0.0522.csv,8.3513,35.2145,10.3137,5.9572,86.04,8.3428,35.2964,10.3108,5.9674,-29.0
ID873_10_R8_W0.0733.csv,8.6614,36.1436,9.3419,4.803,81.91,8.654,36.1518,9.3558,4.7934,-25.9
ID874_10_R8_W0.0944.csv,8.9547,37.0075,8.536,4.0032,78.18,8.9468,37.0473,8.5417,3.9924,-23.41
ID875_10_R8_W0.1156.csv,9.3886,38.2728,7.5084,3.2979,73.62,9.3864,38.2851,7.5096,3.2889,-20.32
ID876_10_R8_W0.1367.csv,9.6839,39.0397,6.9189,3.0105,71.71,9.6702,39.0914,6.9292,3.027,-18.57
ID877_10_R8_W0.1578.csv,9.9627,39.793,6.4132,2.9489,70.08,9.9599,39.8339,6.4103,2.981,-17.02
ID878_10_R8_W0.1789.csv,10.2841,40.5648,5.9042,2.7612,68.42,10.2774,40.5633,5.912,2.7458,-15.51
ID879_10_R8_W0.2.csv,10.6265,41.2982,5.4316,2.6264,67.89,10.6225,41.3257,5.4321,2.6222,-14.04
ID880_10_R9.0_W0.01.csv,7.2904,10.4633,45.5485,37.7833,29.33,7.2727,10.4905,45.6513,37.5221,213.57
ID881_10_R9_W0.0339.csv,7.0392,37.8466,13.5074,7.7462,98.18,7.0413,37.8673,13.4917,7.7488,-33.11
ID882_10_R9.0_W0.0578.csv,8.3222,11.5244,31.7353,15.5548,-52.04,8.3747,11.3668,31.7736,15.8154,-9.48
ID883_10_R9_W0.0817.csv,7.7,40.2213,10.6218,4.5889,84.6,7.6947,40.2484,10.6293,4.5886,-25.57
ID884_10_R9_W0.1056.csv,8.0539,41.5782,9.3921,3.6214,79.82,8.0459,41.6056,9.4047,3.6201,-22.34
ID885_10_R9_W0.1294.csv,8.2813,42.4458,8.7018,3.2821,76.67,8.2771,42.4225,8.7154,3.2815,-20.55
ID886_10_R9_W0.1533.csv,8.4853,43.223,8.1394,3.1794,73.86,8.4853,43.1822,8.147,3.1926,-19.17
ID887_10_R9_W0.1772.csv,8.8414,44.4874,7.2838,2.8294,72.07,8.8345,44.5234,7.2893,2.8225,-16.95
ID888_10_R9_W0.2011.csv,9.0961,45.1045,6.7875,2.6665,71.48,9.0885,45.1404,6.7934,2.656,-15.57
ID889_10_R9_W0.225.csv,9.4908,46.289,6.0752,2.5955,70.7,9.4869,46.3063,6.0779,2.5975,-13.69
ID890_10_R10_W0.01.csv,5.9639,40.0929,17.7628,12.1214,108.63,5.9707,40.0166,17.756,12.1312,-39.98
ID891_10_R10.0_W0.0367.csv,8.1712,14.114,26.8793,28.6671,-4.13,8.2025,14.1404,26.6247,29.0421,-2.59
ID898_10_R10.0_W0.2233.csv,10.0575,15.8956,15.7538,9.1854,-4.1,10.0991,15.7114,15.8075,8.7083,-2.4
ID899_10_R10.0_W0.25.csv,10.2622,15.3903,15.6282,11.1785,-0.1,10.2281,15.6796,15.4424,10.8558,-2.35
ID90_1_R10_W0.01.csv,5.6127,110.6903,7.2641,2.7626,6.55,5.6034,111.1552,7.2579,2.7587,4.13
ID936_11_R4.0_W0.07.csv,16.6241,4.7305,19.3757,12.2629,-324.28,16.6155,4.688,19.5717,12.6207,-19.76
ID937_11_R4.0_W0.08.csv,16.7717,4.7106,19.1166,11.2231,118.97,16.8161,4.722,18.9698,11.4164,-23.06
ID939_11_R4.0_W0.1.csv,17.3111,4.8734,17.3446,9.9409,-82.14,17.3064,4.8439,17.4593,10.0127,-15.76
ID940_11_R5.0_W0.01.csv,19.1444,1.2259,56.3775,66.7988,-42.97,19.0815,1.2418,56.0222,66.9474,-28.66
ID941_11_R5.0_W0.0228.csv,19.4337,1.3791,48.6318,45.8548,-41.66,19.4937,1.4003,47.6036,46.0131,-14.14
ID942_11_R5.0_W0.0356.csv,19.495,1.3433,49.614,37.4795,-152.48,19.4767,1.3468,49.5783,37.3227,-27.14
ID948_11_R5.0_W0.1122.csv,13.6731,6.1046,22.1948,10.5521,-286.43,13.7111,6.154,21.8945,10.6596,-78.48
ID949_11_R5.0_W0.125.csv,13.8547,6.1824,21.3449,10.0032,76.65,13.9017,6.1343,21.3669,10.4222,-32.01
ID950_11_R6.0_W0.01.csv,15.494,1.8146,58.1476,66.3604,-37.19,15.4841,1.8751,56.3433,65.1208,-15.77
ID951_11_R6.0_W0.0256.csv,15.6845,2.0656,49.8488,45.6367,-54.68,15.6616,2.0284,50.9103,45.7983,-15.99
ID952_11_R6.0_W0.0411.csv,15.9355,2.233,44.6698,51.4064,-114.33,16.0058,2.2044,44.8532,53.2914,-18.28
ID954_11_R6.0_W0.0722.csv,16.0618,2.5081,39.1485,43.4241,-170.79,16.013,2.6289,37.577,43.5318,-23.24
ID956_11_R6.0_W0.1033.csv,11.4278,7.0308,27.5873,12.1462,-14.34,11.3622,6.9595,28.1928,12.1865,-8.86
ID957_11_R6.0_W0.1189.csv,11.4662,7.1456,26.9625,11.8796,-26.93,11.5534,7.1732,26.4552,12.1045,-8.48
ID958_11_R6.0_W0.1344.csv,11.512,7.2597,26.3278,10.926,-35.21,11.6114,7.2403,25.9485,11.265,-9.24
ID959_11_R6.0_W0.15.csv,11.6787,7.3519,25.2613,9.8563,-426.88,11.7502,7.3242,25.0488,9.6732,-10.88
ID960_11_R7.0_W0.01.csv,12.8743,2.5122,60.8328,81.232,28.36,12.8989,2.6134,58.2556,79.4275,67.35
ID964_11_R7.0_W0.0833.csv,12.824,3.5789,43.0377,25.2568,21.48,12.9027,3.4601,43.9731,25.6633,108.2
ID966_11_R7.0_W0.12.csv,9.8611,8.1033,32.146,13.6919,-49.95,9.8047,8.1878,32.1812,13.7045,-19.58
ID967_11_R7.0_W0.1383.csv,9.928,8.279,31.0411,11.5579,52.87,9.9406,8.2816,30.953,11.4344,-28.94
ID968_11_R7.0_W0.1567.csv,10.0518,8.3071,30.1788,10.5201,-160.43,10.022,8.3612,30.1623,11.1197,-24.25
ID969_11_R7.0_W0.175.csv,10.2141,8.414,28.8559,10.2271,-91.0,10.2261,8.4939,28.5178,10.7942,-18.75
ID970_11_R8.0_W0.01.csv,11.424,2.9722,65.302,104.8422,-66.59,11.4032,3.2399,60.1241,101.8207,-57.0
ID971_11_R8.0_W0.0311.csv,11.5841,3.1801,59.3566,56.3963,125.31,11.6719,2.9968,62.0427,57.345,-20.24
ID972_11_R8.0_W0.0522.csv,11.5043,3.4688,55.1752,37.3899,179.99,11.4549,3.445,56.0365,39.3128,46.59
ID973_11_R8.0_W0.0733.csv,11.5462,3.7671,50.437,42.115,284.97,11.6298,3.6582,51.1944,42.4574,-23.63
ID975_11_R8.0_W0.1156.csv,11.5974,4.0372,46.6484,28.6684,112.44,11.5895,4.0391,46.6898,28.0181,-25.35
ID986_11_R9.0_W0.1533.csv,7.6913,10.2972,41.5834,12.4035,57.92,7.6956,10.3179,41.4542,13.0574,-18.42
ID987_11_R9.0_W0.1772.csv,7.8058,10.239,40.6017,11.863,-31.59,7.8304,10.192,40.5333,12.2514,-13.36
ID989_11_R9.0_W0.225.csv,7.9884,10.4491,37.9874,10.8046,108.01,8.0663,10.7404,36.2467,12.5434,-15.37
ID996_11_R10.0_W0.17.csv,6.7623,11.7639,47.0865,12.6813,35.51,6.7238,11.6142,48.2409,12.7408,-60.42
ID997_11_R10.0_W0.1967.csv,6.7966,11.869,46.2005,11.4874,44.86,6.7757,11.7738,46.862,11.4754,-41.4
ID998_11_R10.0_W0.2233.csv,6.8723,11.9967,44.7069,10.2489,8.04,6.9115,11.8766,44.6478,10.3388,15.56
ID999_11_R10.0_W0.25.csv,7.0098,12.1124,42.5599,10.6669,17.18,7.0242,12.1593,42.2224,10.1393,111.52
